{"cameraMode":{"drawMode":0,"name":"Shaded","section":"Shading Mode"},"sceneLighting":true,"audioPlay":false,"sceneViewState":{"m_AlwaysRefresh":false,"showFog":true,"showSkybox":true,"showFlares":true,"showImageEffects":true,"showParticleSystems":true,"showVisualEffectGraphs":true,"m_FxEnabled":true},"in2DMode":false,"pivot":{"x":586.882568359375,"y":230.71194458007813,"z":-20.450439453125},"rotation":{"x":0.046476978808641437,"y":-0.016481414437294008,"z":0.0007669399492442608,"w":0.998783528804779},"size":280.8855285644531,"orthographic":false}